Position,Reference,Mutation
1,A,"C,G,T"
2,T,"A,C,G"
3,G,"A,C,T"
4,A,"C,G,T"
5,A,"C,G,T"
6,A,"C,G,T"
7,C,"A,G,T"
8,A,"C,G,T"
9,A,"C,G,T"
10,T,"A,C,G"
11,A,"C,G,T"
12,T,"A,C,G"
13,A,"C,G,T"
14,T,"A,C,G"
15,T,"A,C,G"
16,G,"A,C,T"
17,T,"A,C,G"
18,C,"A,G,T"
19,C,"A,G,T"
20,T,"A,C,G"
21,G,"A,C,T"
22,G,"A,C,T"
23,C,"A,G,T"
24,A,"C,G,T"
25,T,"A,C,G"
26,G,"A,C,T"
27,C,"A,G,T"
28,A,"C,G,T"
29,T,"A,C,G"
30,G,"A,C,T"
31,T,"A,C,G"
32,G,"A,C,T"
33,C,"A,G,T"
34,C,"A,G,T"
35,T,"A,C,G"
36,A,"C,G,T"
37,G,"A,C,T"
38,T,"A,C,G"
39,G,"A,C,T"
40,G,"A,C,T"
41,C,"A,G,T"
42,A,"C,G,T"
43,G,"A,C,T"
44,C,"A,G,T"
45,T,"A,C,G"
46,G,"A,C,T"
47,C,"A,G,T"
48,T,"A,C,G"
49,A,"C,G,T"
50,T,"A,C,G"
51,G,"A,C,T"
52,C,"A,G,T"
53,C,"A,G,T"
54,T,"A,C,G"
55,A,"C,G,T"
56,C,"A,G,T"
57,T,"A,C,G"
58,A,"C,G,T"
59,G,"A,C,T"
60,T,"A,C,G"
61,C,"A,G,T"
62,T,"A,C,G"
63,T,"A,C,G"
64,C,"A,G,T"
65,A,"C,G,T"
66,A,"C,G,T"
67,C,"A,G,T"
68,A,"C,G,T"
69,A,"C,G,T"
70,T,"A,C,G"
71,C,"A,G,T"
72,T,"A,C,G"
73,T,"A,C,G"
74,C,"A,G,T"
75,A,"C,G,T"
76,T,"A,C,G"
77,C,"A,G,T"
78,C,"A,G,T"
79,T,"A,C,G"
80,C,"A,G,T"
81,G,"A,C,T"
82,T,"A,C,G"
83,G,"A,C,T"
84,T,"A,C,G"
85,A,"C,G,T"
86,C,"A,G,T"
87,T,"A,C,G"
88,G,"A,C,T"
89,A,"C,G,T"
90,A,"C,G,T"
91,G,"A,C,T"
92,A,"C,G,T"
93,A,"C,G,T"
94,G,"A,C,T"
95,A,"C,G,T"
96,A,"C,G,T"
97,A,"C,G,T"
98,A,"C,G,T"
99,C,"A,G,T"
100,A,"C,G,T"
101,A,"C,G,T"
102,A,"C,G,T"
103,C,"A,G,T"
104,A,"C,G,T"
105,T,"A,C,G"
106,C,"A,G,T"
107,A,"C,G,T"
108,T,"A,C,G"
109,A,"C,G,T"
110,T,"A,C,G"
111,G,"A,C,T"
112,G,"A,C,T"
113,G,"A,C,T"
114,A,"C,G,T"
115,A,"C,G,T"
116,T,"A,C,G"
117,C,"A,G,T"
118,G,"A,C,T"
119,A,"C,G,T"
120,T,"A,C,G"
121,G,"A,C,T"
122,T,"A,C,G"
123,T,"A,C,G"
124,A,"C,G,T"
125,T,"A,C,G"
126,T,"A,C,G"
127,A,"C,G,T"
128,T,"A,C,G"
129,C,"A,G,T"
130,A,"C,G,T"
131,A,"C,G,T"
132,A,"C,G,T"
133,G,"A,C,T"
134,T,"A,C,G"
135,C,"A,G,T"
136,A,"C,G,T"
137,C,"A,G,T"
138,A,"C,G,T"
139,A,"C,G,T"
140,A,"C,G,T"
141,G,"A,C,T"
142,C,"A,G,T"
143,A,"C,G,T"
144,A,"C,G,T"
145,G,"A,C,T"
146,A,"C,G,T"
147,C,"A,G,T"
148,C,"A,G,T"
149,A,"C,G,T"
150,A,"C,G,T"
151,A,"C,G,T"
152,C,"A,G,T"
153,A,"C,G,T"
154,C,"A,G,T"
155,C,"A,G,T"
156,G,"A,C,T"
157,A,"C,G,T"
158,C,"A,G,T"
159,C,"A,G,T"
160,A,"C,G,T"
161,A,"C,G,T"
162,T,"A,C,G"
163,G,"A,C,T"
164,A,"C,G,T"
165,T,"A,C,G"
166,A,"C,G,T"
167,A,"C,G,T"
168,G,"A,C,T"
169,A,"C,G,T"
170,T,"A,C,G"
171,T,"A,C,G"
172,T,"A,C,G"
173,G,"A,C,T"
174,T,"A,C,G"
175,C,"A,G,T"
176,A,"C,G,T"
177,A,"C,G,T"
178,T,"A,C,G"
179,C,"A,G,T"
180,C,"A,G,T"
181,G,"A,C,T"
182,T,"A,C,G"
183,A,"C,G,T"
184,A,"C,G,T"
185,C,"A,G,T"
186,G,"A,C,T"
187,G,"A,C,T"
188,A,"C,G,T"
189,A,"C,G,T"
190,G,"A,C,T"
191,T,"A,C,G"
192,T,"A,C,G"
193,A,"C,G,T"
194,C,"A,G,T"
195,A,"C,G,T"
196,G,"A,C,T"
197,A,"C,G,T"
198,G,"A,C,T"
199,A,"C,G,T"
200,C,"A,G,T"
201,C,"A,G,T"
202,G,"A,C,T"
203,A,"C,G,T"
204,A,"C,G,T"
205,G,"A,C,T"
206,A,"C,G,T"
207,T,"A,C,G"
208,G,"A,C,T"
209,A,"C,G,T"
210,T,"A,C,G"
211,G,"A,C,T"
212,A,"C,G,T"
213,G,"A,C,T"
214,G,"A,C,T"
215,T,"A,C,G"
216,A,"C,G,T"
217,T,"A,C,G"
218,C,"A,G,T"
219,C,"A,G,T"
220,G,"A,C,T"
221,A,"C,G,T"
222,A,"C,G,T"
223,G,"A,C,T"
224,A,"C,G,T"
225,A,"C,G,T"
226,G,"A,C,T"
227,T,"A,C,G"
228,T,"A,C,G"
229,G,"A,C,T"
230,T,"A,C,G"
231,A,"C,G,T"
232,A,"C,G,T"
233,A,"C,G,T"
234,A,"C,G,T"
235,G,"A,C,T"
236,G,"A,C,T"
237,A,"C,G,T"
238,G,"A,C,T"
239,A,"C,G,T"
240,T,"A,C,G"
241,C,"A,G,T"
242,C,"A,G,T"
243,C,"A,G,T"
244,A,"C,G,T"
245,C,"A,G,T"
246,C,"A,G,T"
247,A,"C,G,T"
248,C,"A,G,T"
249,T,"A,C,G"
250,T,"A,C,G"
251,A,"C,G,T"
252,T,"A,C,G"
253,T,"A,C,G"
254,A,"C,G,T"
255,C,"A,G,T"
256,A,"C,G,T"
257,C,"A,G,T"
258,T,"A,C,G"
259,A,"C,G,T"
260,T,"A,C,G"
261,C,"A,G,T"
262,G,"A,C,T"
263,T,"A,C,G"
264,C,"A,G,T"
265,G,"A,C,T"
266,G,"A,C,T"
267,T,"A,C,G"
268,G,"A,C,T"
269,C,"A,G,T"
270,G,"A,C,T"
271,G,"A,C,T"
272,G,"A,C,T"
273,T,"A,C,G"
274,C,"A,G,T"
275,T,"A,C,G"
276,T,"A,C,G"
277,A,"C,G,T"
278,A,"C,G,T"
279,C,"A,G,T"
280,A,"C,G,T"
281,T,"A,C,G"
282,G,"A,C,T"
283,A,"C,G,T"
284,A,"C,G,T"
285,C,"A,G,T"
286,T,"A,C,G"
287,T,"A,C,G"
288,T,"A,C,G"
289,G,"A,C,T"
290,G,"A,C,T"
291,A,"C,G,T"
292,T,"A,C,G"
293,T,"A,C,G"
294,C,"A,G,T"
295,A,"C,G,T"
296,C,"A,G,T"
297,C,"A,G,T"
298,A,"C,G,T"
299,A,"C,G,T"
300,A,"C,G,T"
301,T,"A,C,G"
302,G,"A,C,T"
303,C,"A,G,T"
304,C,"A,G,T"
305,C,"A,G,T"
306,A,"C,G,T"
307,A,"C,G,T"
308,A,"C,G,T"
309,G,"A,C,T"
310,A,"C,G,T"
311,T,"A,C,G"
312,T,"A,C,G"
313,T,"A,C,G"
314,C,"A,G,T"
315,A,"C,G,T"
316,T,"A,C,G"
317,C,"A,G,T"
318,C,"A,G,T"
319,A,"C,G,T"
320,T,"A,C,G"
321,C,"A,G,T"
322,T,"A,C,G"
323,C,"A,G,T"
324,C,"A,G,T"
325,G,"A,C,T"
326,A,"C,G,T"
327,A,"C,G,T"
328,T,"A,C,G"
329,C,"A,G,T"
330,C,"A,G,T"
331,T,"A,C,G"
332,C,"A,G,T"
333,T,"A,C,G"
334,G,"A,C,T"
335,A,"C,G,T"
336,T,"A,C,G"
337,G,"A,C,T"
338,G,"A,C,T"
339,A,"C,G,T"
340,A,"C,G,T"
341,A,"C,G,T"
342,C,"A,G,T"
343,A,"C,G,T"
344,C,"A,G,T"
345,T,"A,C,G"
346,G,"A,C,T"
347,T,"A,C,G"
348,G,"A,C,T"
349,A,"C,G,T"
350,A,"C,G,T"
351,T,"A,C,G"
352,A,"C,G,T"
353,C,"A,G,T"
354,T,"A,C,G"
355,A,"C,G,T"
356,G,"A,C,T"
357,A,"C,G,T"
358,T,"A,C,G"
359,T,"A,C,G"
360,G,"A,C,T"
361,T,"A,C,G"
362,C,"A,G,T"
363,C,"A,G,T"
364,A,"C,G,T"
365,G,"A,C,T"
366,C,"A,G,T"
367,G,"A,C,T"
368,T,"A,C,G"
369,G,"A,C,T"
370,T,"A,C,G"
371,C,"A,G,T"
372,A,"C,G,T"
373,C,"A,G,T"
374,C,"A,G,T"
375,G,"A,C,T"
376,G,"A,C,T"
377,G,"A,C,T"
378,A,"C,G,T"
379,C,"A,G,T"
380,A,"C,G,T"
381,A,"C,G,T"
382,G,"A,C,T"
383,G,"A,C,T"
384,T,"A,C,G"
385,A,"C,G,T"
386,A,"C,G,T"
387,G,"A,C,T"
388,G,"A,C,T"
389,A,"C,G,T"
390,C,"A,G,T"
391,T,"A,C,G"
392,C,"A,G,T"
393,T,"A,C,G"
394,C,"A,G,T"
395,C,"A,G,T"
396,C,"A,G,T"
397,G,"A,C,T"
398,C,"A,G,T"
399,G,"A,C,T"
400,A,"C,G,T"
401,T,"A,C,G"
402,C,"A,G,T"
403,A,"C,G,T"
404,C,"A,G,T"
405,G,"A,C,T"
406,C,"A,G,T"
407,G,"A,C,T"
408,T,"A,C,G"
409,G,"A,C,T"
410,A,"C,G,T"
411,A,"C,G,T"
412,G,"A,C,T"
413,A,"C,G,T"
414,A,"C,G,T"
415,G,"A,C,T"
416,C,"A,G,T"
417,T,"A,C,G"
418,C,"A,G,T"
419,T,"A,C,G"
420,G,"A,C,T"
421,G,"A,C,T"
422,C,"A,G,T"
423,T,"A,C,G"
424,A,"C,G,T"
425,T,"A,C,G"
426,G,"A,C,T"
427,A,"C,G,T"
428,T,"A,C,G"
429,C,"A,G,T"
430,A,"C,G,T"
431,A,"C,G,T"
432,A,"C,G,T"
433,G,"A,C,T"
434,A,"C,G,T"
435,C,"A,G,T"
436,T,"A,C,G"
437,G,"A,C,T"
438,T,"A,C,G"
439,G,"A,C,T"
440,A,"C,G,T"
441,G,"A,C,T"
442,A,"C,G,T"
443,T,"A,C,G"
444,G,"A,C,T"
445,T,"A,C,G"
446,C,"A,G,T"
447,T,"A,C,G"
448,A,"C,G,T"
449,T,"A,C,G"
450,C,"A,G,T"
451,G,"A,C,T"
452,A,"C,G,T"
453,C,"A,G,T"
454,A,"C,G,T"
455,T,"A,C,G"
456,C,"A,G,T"
457,A,"C,G,T"
458,G,"A,C,T"
459,A,"C,G,T"
460,T,"A,C,G"
461,G,"A,C,T"
462,T,"A,C,G"
463,A,"C,G,T"
464,G,"A,C,T"
465,C,"A,G,T"
466,G,"A,C,T"
467,A,"C,G,T"
468,A,"C,G,T"
469,G,"A,C,T"
470,A,"C,G,T"
471,A,"C,G,T"
472,G,"A,C,T"
473,A,"C,G,T"
474,G,"A,C,T"
475,A,"C,G,T"
476,A,"C,G,T"
477,A,"C,G,T"
478,G,"A,C,T"
479,A,"C,G,T"
480,C,"A,G,T"
481,A,"C,G,T"
482,G,"A,C,T"
483,T,"A,C,G"
484,G,"A,C,T"
485,A,"C,G,T"
486,C,"A,G,T"
487,A,"C,G,T"
488,T,"A,C,G"
489,C,"A,G,T"
490,A,"C,G,T"
491,A,"C,G,T"
492,G,"A,C,T"
493,A,"C,G,T"
494,C,"A,G,T"
495,C,"A,G,T"
496,C,"A,G,T"
497,A,"C,G,T"
498,T,"A,C,G"
499,C,"A,G,T"
500,C,"A,G,T"
501,A,"C,G,T"
502,G,"A,C,T"
503,T,"A,C,G"
504,A,"C,G,T"
505,C,"A,G,T"
506,T,"A,C,G"
507,T,"A,C,G"
508,G,"A,C,T"
509,G,"A,C,T"
510,G,"A,C,T"
511,T,"A,C,G"
512,C,"A,G,T"
513,T,"A,C,G"
514,A,"C,G,T"
515,A,"C,G,T"
516,C,"A,G,T"
517,A,"C,G,T"
518,T,"A,C,G"
519,C,"A,G,T"
520,T,"A,C,G"
521,C,"A,G,T"
522,A,"C,G,T"
523,C,"A,G,T"
524,A,"C,G,T"
525,T,"A,C,G"
526,A,"C,G,T"
527,A,"C,G,T"
528,G,"A,C,T"
529,A,"C,G,T"
530,A,"C,G,T"
531,A,"C,G,T"
532,G,"A,C,T"
533,T,"A,C,G"
534,G,"A,C,T"
535,A,"C,G,T"
536,G,"A,C,T"
537,T,"A,C,G"
538,T,"A,C,G"
539,A,"C,G,T"
540,C,"A,G,T"
541,A,"C,G,T"
542,A,"C,G,T"
543,A,"C,G,T"
544,G,"A,C,T"
545,A,"C,G,T"
546,T,"A,C,G"
547,A,"C,G,T"
548,T,"A,C,G"
549,C,"A,G,T"
550,A,"C,G,T"
551,T,"A,C,G"
552,C,"A,G,T"
553,G,"A,C,T"
554,G,"A,C,T"
555,T,"A,C,G"
556,T,"A,C,G"
557,C,"A,G,T"
558,A,"C,G,T"
559,A,"C,G,T"
560,C,"A,G,T"
561,G,"A,C,T"
562,A,"C,G,T"
563,T,"A,C,G"
564,C,"A,G,T"
565,G,"A,C,T"
566,T,"A,C,G"
567,T,"A,C,G"
568,G,"A,C,T"
569,A,"C,G,T"
570,T,"A,C,G"
571,A,"C,G,T"
572,C,"A,G,T"
573,A,"C,G,T"
574,A,"C,G,T"
575,A,"C,G,T"
576,A,"C,G,T"
577,T,"A,C,G"
578,G,"A,C,T"
579,T,"A,C,G"
580,G,"A,C,T"
581,T,"A,C,G"
582,C,"A,G,T"
583,A,"C,G,T"
584,A,"C,G,T"
585,G,"A,C,T"
586,A,"C,G,T"
587,A,"C,G,T"
588,C,"A,G,T"
589,C,"A,G,T"
590,T,"A,C,G"
591,A,"C,G,T"
592,G,"A,C,T"
593,A,"C,G,T"
594,G,"A,C,T"
595,T,"A,C,G"
596,T,"A,C,G"
597,T,"A,C,G"
598,A,"C,G,T"
599,G,"A,C,T"
600,C,"A,G,T"
601,G,"A,C,T"
602,T,"A,C,G"
603,A,"C,G,T"
604,C,"A,G,T"
605,G,"A,C,T"
606,T,"A,C,G"
607,A,"C,G,T"
608,T,"A,C,G"
609,C,"A,G,T"
610,G,"A,C,T"
611,G,"A,C,T"
612,A,"C,G,T"
613,G,"A,C,T"
614,A,"C,G,T"
615,C,"A,G,T"
616,A,"C,G,T"
617,T,"A,C,G"
618,G,"A,C,T"
619,T,"A,C,G"
620,G,"A,C,T"
621,T,"A,C,G"
622,G,"A,C,T"
623,A,"C,G,T"
624,G,"A,C,T"
625,G,"A,C,T"
626,A,"C,G,T"
627,A,"C,G,T"
628,T,"A,C,G"
629,C,"A,G,T"
630,A,"C,G,T"
631,T,"A,C,G"
632,C,"A,G,T"
633,T,"A,C,G"
634,G,"A,C,T"
635,A,"C,G,T"
636,A,"C,G,T"
637,C,"A,G,T"
638,T,"A,C,G"
639,T,"A,C,G"
640,G,"A,C,T"
641,A,"C,G,T"
642,A,"C,G,T"
643,G,"A,C,T"
644,T,"A,C,G"
645,C,"A,G,T"
646,A,"C,G,T"
647,A,"C,G,T"
648,G,"A,C,T"
649,G,"A,C,T"
650,A,"C,G,T"
651,T,"A,C,G"
652,G,"A,C,T"
653,G,"A,C,T"
654,A,"C,G,T"
655,T,"A,C,G"
656,T,"A,C,G"
657,C,"A,G,T"
658,A,"C,G,T"
659,A,"C,G,T"
660,G,"A,C,T"
661,T,"A,C,G"
662,A,"C,G,T"
663,T,"A,C,G"
664,G,"A,C,T"
665,T,"A,C,G"
666,C,"A,G,T"
667,G,"A,C,T"
668,A,"C,G,T"
669,C,"A,G,T"
670,G,"A,C,T"
671,G,"A,C,T"
672,A,"C,G,T"
673,T,"A,C,G"
674,C,"A,G,T"
675,G,"A,C,T"
676,G,"A,C,T"
677,C,"A,G,T"
678,A,"C,G,T"
679,T,"A,C,G"
680,C,"A,G,T"
681,T,"A,C,G"
682,G,"A,C,T"
683,A,"C,G,T"
684,A,"C,G,T"
685,G,"A,C,T"
686,G,"A,C,T"
687,T,"A,C,G"
688,G,"A,C,T"
689,C,"A,G,T"
690,A,"C,G,T"
691,A,"C,G,T"
692,C,"A,G,T"
693,C,"A,G,T"
694,G,"A,C,T"
695,A,"C,G,T"
696,T,"A,C,G"
697,G,"A,C,T"
698,A,"C,G,T"
699,T,"A,C,G"
700,A,"C,G,T"
701,C,"A,G,T"
702,T,"A,C,G"
703,T,"A,C,G"
704,C,"A,G,T"
705,A,"C,G,T"
706,C,"A,G,T"
707,T,"A,C,G"
708,C,"A,G,T"
709,A,"C,G,T"
710,T,"A,C,G"
711,C,"A,G,T"
712,G,"A,C,T"
713,A,"C,G,T"
714,T,"A,C,G"
715,T,"A,C,G"
716,C,"A,G,T"
717,A,"C,G,T"
718,A,"C,G,T"
719,C,"A,G,T"
720,A,"C,G,T"
721,A,"C,G,T"
722,A,"C,G,T"
723,A,"C,G,T"
724,C,"A,G,T"
725,T,"A,C,G"
726,C,"A,G,T"
727,A,"C,G,T"
728,A,"C,G,T"
729,A,"C,G,T"
730,G,"A,C,T"
731,C,"A,G,T"
732,A,"C,G,T"
733,T,"A,C,G"
734,G,"A,C,T"
735,T,"A,C,G"
736,G,"A,C,T"
737,T,"A,C,G"
738,C,"A,G,T"
739,T,"A,C,G"
740,G,"A,C,T"
741,A,"C,G,T"
