position,ref,mut
1,A,T
2,T,C
3,T,C
4,T,A
6,A,T
7,C,T
9,A,C
10,T,A
11,T,G
12,T,A
14,A,G
15,T,A
16,T,A
20,T,A
23,C,T
24,T,A
25,A,T
26,G,C
27,A,G
29,A,T
30,A,T
31,A,C
33,A,G
34,T,A
35,G,C
36,T,A
37,G,C
38,T,A
39,G,T
40,A,G
42,C,T
43,C,T
44,A,T
45,C,G
46,G,A
47,A,G
48,C,T
49,C,T
50,G,T
52,A,G
53,G,T
54,G,T
55,A,G
58,C,T
59,T,C
60,C,G
61,T,A
62,A,T
66,G,T
68,T,A
70,A,G
71,G,T
73,A,T
74,A,C
76,A,T
77,T,C
78,C,G
79,A,G
80,A,T
82,C,G
83,G,C
84,T,A
85,T,C
86,T,C
87,A,T
89,A,C
90,G,A
91,A,G
92,G,A
93,A,T
94,C,G
96,A,C
97,T,G
98,C,A
99,A,T
100,G,C
101,A,C
102,A,G
103,A,T
104,G,C
105,A,G
106,G,A
107,G,C
108,T,A
110,T,A
111,A,C
112,A,T
114,A,G
115,T,A
116,T,A
118,T,C
119,T,C
120,G,A
122,G,C
123,A,C
124,G,T
125,A,T
126,C,G
127,C,A
128,T,C
